patient	NA	baseline_M_6months_M	6months_M_12months_M	baseline_M_12months_M	delta_6
CLAD1	7123	2306	2298	3501	0.996530789245447
CLAD2	4575	874	793	2377	0.907322654462243
CLAD3	7055	767	749	966	0.976531942633638
CLAD5	3067	877	683	681	0.778791334093501
CLAD6	7816	1349	928	925	0.687916975537435
CLAD7	4682	1550	652	634	0.420645161290323
CLAD8	5162	828	831	2092	1.0036231884058
