patient	baseline_6months	6months_12months	baseline_12months	delta_6
CLAD1	7985	20212	7940	2.53124608641202
CLAD2	5035	27469	5835	5.45561072492552
CLAD3	6218	7105	5503	1.14265036989386
CLAD5	6196	6350	6129	1.02485474499677
CLAD6	3038	19520	2903	6.42527978933509
CLAD7	3117	3175	6091	1.018607635547
CLAD8	2581	2671	9713	1.03487020534676
