patient	baseline_6months	6months_12months	baseline_12months	delta_6
CLAD1	11843	14134	11798	1.19344760618087
CLAD2	5491	25666	6291	4.67419413585868
CLAD3	11527	11437	10812	0.992192244296001
CLAD5	9023	9053	8956	1.00332483652887
CLAD6	4389	21215	4254	4.83367509683299
CLAD7	6725	6783	8030	1.00862453531599
CLAD8	5659	5749	14648	1.01590386994169
