from	to	value	patient
baseline	6months	56.4707573469625	CLAD8
baseline	12months	80.2330410036009	CLAD8
6months	12months	48.0020037170403	CLAD8
12months	12months	66.8216401440353	CLAD8
6months	6months	60.6034382622836	CLAD8
baseline	baseline	63.3011673829713	CLAD8
