from	to	value	patient
baseline	6months	123.762719247299	CLAD3
baseline	12months	115.272476478104	CLAD3
6months	12months	106.145429201998	CLAD3
