from	to	value	patient
baseline	6months	84.277151817865	CLAD7
baseline	12months	78.0810198629342	CLAD7
6months	12months	67.0831106981066	CLAD7
12months	12months	56.6925891508886	CLAD7
6months	6months	65.3980717853409	CLAD7
baseline	baseline	54.7556045998374	CLAD7
