from	to	value	patient
baseline	6months	84.277151817865	CLAD7
baseline	12months	78.0810198629342	CLAD7
6months	12months	67.0831106981066	CLAD7
