from	to	value	patient
baseline	6months	78.4129399465675	CLAD5
baseline	12months	65.6729004530143	CLAD5
6months	12months	65.6216459519108	CLAD5
