from	to	value	patient
baseline	6months	78.4129399465675	CLAD5
baseline	12months	65.6729004530143	CLAD5
6months	12months	65.6216459519108	CLAD5
12months	12months	76.5623765826461	CLAD5
6months	6months	69.5941747008944	CLAD5
baseline	baseline	66.9828667673365	CLAD5
