from	to	value	patient
baseline	6months	139.904896039029	CLAD2
baseline	12months	131.843913346498	CLAD2
6months	12months	83.3812289464514	CLAD2
