from	to	value	patient
baseline	6months	85.3880532001394	CLAD1
baseline	12months	48.9010338018353	CLAD1
6months	12months	74.1003020095249	CLAD1
