from	to	value	patient
baseline	6months	89.2277848762923	CLAD6
baseline	12months	18.3778313392961	CLAD6
6months	12months	53.7921651759786	CLAD6
12months	12months	73.2993379021954	CLAD6
6months	6months	51.5146648855849	CLAD6
baseline	baseline	44.7128295969334	CLAD6
