from	to	value	patient
baseline	6months	89.2277848762923	CLAD6
baseline	12months	18.3778313392961	CLAD6
6months	12months	53.7921651759786	CLAD6
